{"cameraMode":{"drawMode":2,"name":"Shaded Wireframe","section":"Shading Mode"},"sceneLighting":true,"audioPlay":false,"sceneViewState":{"showFog":true,"showMaterialUpdate":false,"showSkybox":true,"showFlares":true,"showImageEffects":true,"showParticleSystems":true},"in2DMode":false,"pivot":{"x":17.504932403564454,"y":-19.83164405822754,"z":16.990392684936525},"rotation":{"x":0.3529329299926758,"y":0.6092286109924316,"z":-0.34705254435539248,"w":0.6195546984672546},"size":21.133766174316408,"orthographic":false}