{"cameraMode":{"drawMode":2,"name":"Shaded Wireframe","section":"Shading Mode"},"sceneLighting":false,"audioPlay":false,"sceneViewState":{"showFog":true,"showMaterialUpdate":false,"showSkybox":false,"showFlares":true,"showImageEffects":true,"showParticleSystems":true},"in2DMode":false,"pivot":{"x":2.9146554470062258,"y":-29.304380416870118,"z":-24.995412826538087},"rotation":{"x":0.01777646690607071,"y":0.9065719842910767,"z":-0.419961154460907,"w":0.03837047889828682},"size":27.334205627441408,"orthographic":false}