{"cameraMode":{"drawMode":2,"name":"Shaded Wireframe","section":"Shading Mode"},"sceneLighting":false,"audioPlay":false,"sceneViewState":{"showFog":true,"showMaterialUpdate":false,"showSkybox":false,"showFlares":true,"showImageEffects":true,"showParticleSystems":true},"in2DMode":false,"pivot":{"x":111.35285186767578,"y":50.52991485595703,"z":149.0547637939453},"rotation":{"x":-0.007267465814948082,"y":0.8935714960098267,"z":-0.4486442506313324,"w":-0.014476785436272622},"size":18.534603118896486,"orthographic":false}